<configuration>

    <!-- Set logging levels for specific packages -->
    <logger name="org.springframework" level="INFO" />
    <logger name="com.dailylearn.code" level="DEBUG" /> <!-- Change 'yourcompany' to your package name -->

    <!-- Console Appender to log messages to the console -->
    <appender name="ConsoleAppender" class="ch.qos.logback.core.ConsoleAppender">
        <encoder>
            <pattern>%d{yyyy-MM-dd HH:mm:ss} [%thread] %-5level %logger{36} - %msg%n</pattern>
        </encoder>
    </appender>

<!--  <pattern>%d{yyyy-MM-dd HH:mm:ss} [%thread] %-5level [%X{traceId}-%X{spanId}] %logger{36} - %msg%n</pattern>

 -->

    <!-- File Appender to save logs to a file with daily rolling -->
    <appender name="FileAppender" class="ch.qos.logback.core.rolling.RollingFileAppender">
        <file>logs/application.log</file>
        <rollingPolicy class="ch.qos.logback.core.rolling.TimeBasedRollingPolicy">
            <fileNamePattern>logs/application-%d{yyyy-MM-dd}.log</fileNamePattern>
            <maxHistory>7</maxHistory> <!-- Keep logs for 7 days -->
        </rollingPolicy>
        <encoder>
            <pattern>%d{yyyy-MM-dd HH:mm:ss} [%thread] %-5level %logger{36} - %msg%n%n</pattern>
        </encoder>
    </appender>

    <!-- Root logger configuration to log at INFO level to both console and file -->
    <root level="INFO">
        <appender-ref ref="ConsoleAppender" />
        <appender-ref ref="FileAppender" />
    </root>

</configuration>